cell,PC1,PC2,tsne1,tsne2,knn_all,knn_pca,knn_svd,lnIC50_mean
22RV1,-0.11821090737287548,0.5553332000852341,-3.7755218,-3.2952325,1,1,1,2.5528801888888886
23132-87,-7.707611387971195,2.0113777940493702,-1.3093041,-13.7076435,3,2,2,2.00105145
42-MG-BA,-5.088787772373916,-0.36634175774069877,0.18876119,-11.522259,3,2,2,2.2016799055555554
5637,-0.08273693836167251,1.81919681037524,1.467041,-5.8275476,1,1,1,2.6084773128491623
639-V,-3.4031418739361854,-2.7439743665470626,8.276133,-8.379151,3,2,2,2.3471647318435753
647-V,2.3050557538082512,-3.129606370452084,-16.712044,4.7072854,1,1,1,2.7419500277777775
697,-31.410620605925857,-2.2571450470910315,24.180418,-26.674845,2,4,4,0.3532804662921347
769-P,-1.3624593806847956,2.519741942201309,-3.4681604,-11.590106,1,1,1,2.392155322222222
786-0,-3.885574017500888,-1.0138389098790528,-0.64993966,-11.789454,3,2,2,2.3047312444444445
8-MG-BA,-12.08971116561117,-0.8155597846615733,10.930619,-17.36292,3,2,2,1.7178899664804468
8305C,6.589327835715532,4.453063022323097,-7.4745274,3.8412077,1,1,1,2.943012511111111
8505C,9.625743430789583,3.3401037282152926,-10.896969,16.584284,4,3,3,3.2271652888888887
A101D,-8.188979460964928,5.8324452629011825,0.9991812,-17.58622,3,2,2,1.9447729777777782
A172,-6.126128885766613,0.8111396336832504,0.18660535,-13.492573,3,2,2,2.1561906833333335
A204,4.67116198378563,-2.5354359458873956,-15.111551,3.8877277,1,1,1,2.826526938888889
A2058,-10.024138399138653,1.596769830511186,10.276286,-16.379173,3,2,2,1.8479615810055865
A253,2.5809256107034058,-3.4515049694603896,-2.8302746,3.403216,1,1,1,2.70259538547486
A2780,-19.58623760530941,5.390775745883436,4.726773,-27.534323,2,4,4,1.093346294444444
A3-KAW,-26.10327432842014,0.5418384447441575,22.817629,-28.838884,2,4,4,0.6331648125000001
A375,-8.458511771819351,10.880601200556526,-11.824145,-15.41666,3,2,2,1.9935364143646406
A4-Fuk,-26.666712875992335,7.400260500091858,25.19194,-30.557638,2,4,4,0.5960665444444443
A427,-0.7809764973175979,-0.8977675419591793,1.0677439,3.5913923,1,1,1,2.8091799052631576
A498,10.022776682730594,-0.6457283469391756,-13.548807,8.474723,4,3,3,3.1133851899441343
A549,-9.856411495355827,8.625240137886294,3.0050564,-20.50005,3,2,2,1.8082166464088398
A673,-13.44246399391236,-3.683231495826561,15.445829,-22.731634,3,2,2,1.6285919555555555
A704,1.7980465203806473,-0.4260952510527531,-11.193174,5.905891,1,1,1,2.4913215921787706
ABC-1,11.999494897707528,-5.528523988772287,-6.489109,21.184015,4,3,3,4.5026601770833325
ACHN,-3.035646988622021,3.420554669833891,-3.3011973,-11.6820135,3,2,2,2.2994298222222223
AGS,-14.933132853390164,9.122886141003328,2.877618,-22.590895,3,2,2,1.3761601899441345
ALL-PO,-21.96810842061172,-5.239413117797352,27.15518,-23.021336,2,4,4,1.0181010502793297
ALL-SIL,-18.656794723943804,-4.2679556395556935,24.713964,-34.35158,2,4,4,1.31599456424581
AM-38,-3.9045575274356312,2.837026192060381,-11.677242,-10.782949,3,2,2,2.235159394444444
AMO-1,-24.74662927104768,1.3555954017414604,24.856964,-29.544333,2,4,4,0.7229113483146068
AN3-CA,-0.8957094802503309,-2.757392576651861,12.263669,2.4174492,1,1,1,2.3777507150837995
ARH-77,-21.059498952336128,-1.6003501828409454,26.199587,-25.746496,2,4,4,1.1040514388888893
ASH-3,2.275781648526996,1.3357493290772717,-5.351109,4.183518,1,1,1,2.6575036166666663
ATN-1,-21.383741452010327,-6.682709343206344,21.029188,-23.906498,2,4,4,1.0684511460674158
AU565,-5.465054291027824,-4.378768742829507,5.2919226,-8.627067,3,2,2,2.229717407216495
AsPC-1,38.97021208502814,5.146502259178332,-22.742065,37.02486,0,0,0,5.330396477777778
B-CPAP,1.9128171009897292,2.393791372706991,-6.827879,4.663131,1,1,1,2.7226631508379895
BALL-1,-23.703463811142857,-5.266212666691327,24.848265,-24.478754,2,4,4,0.9523939106145252
BB49-HNC,-8.419346561321156,6.684659883720952,-1.7587918,-10.20547,3,2,2,1.9108578555555555
BC-1,-24.05073140545855,0.04905993545866316,24.670862,-29.385124,2,4,4,0.8204776111111113
BE-13,-20.268410325070768,-2.242866937874945,21.85862,-21.894985,2,4,4,1.05242795
BE2-M17,1.2418830365955367,2.694259082644244,-3.3856187,-1.6602092,1,1,1,2.6251845611111118
BFTC-905,-12.69621654861733,5.2209053407727035,4.3695836,-20.039724,3,2,2,1.5915548777777784
BFTC-909,-5.4955107440152835,-1.085515973371067,0.32359064,-11.872858,3,2,2,2.191558972067039
BHT-101,-3.8901394008250922,9.36618930030762,-11.145032,-12.705914,3,2,2,2.1778524277777778
BICR10,-0.3329218595719148,-1.3660524222671728,-7.501623,-3.5378723,1,1,1,2.545725822222222
BICR22,-10.484832296215378,-0.6597553483667187,8.971018,-15.407762,3,2,2,1.8661523833333336
BICR78,12.985991613426537,-1.4440613312938455,-6.301444,20.981438,4,3,3,3.321025233333334
BL-41,-24.435454741010645,-3.04521772977595,24.225077,-28.097008,2,4,4,0.7930872333333335
BPH-1,-10.332438006664276,9.810068814657768,-1.904051,-22.726555,3,2,2,1.7216197333333338
BT-20,3.504812328307052,-0.5806470214533537,6.4888186,11.375733,1,1,1,2.62504298974359
BT-474,18.8708469530615,-5.772758206104537,-11.646353,35.485092,0,3,3,3.872156502564103
BT-483,26.390687674787987,-6.403996718322681,-26.134573,17.422142,0,0,0,5.35644505737705
BT-549,5.316777983670374,-2.23133603873103,-9.5615425,-1.1679301,1,1,1,2.8940772358974365
BV-173,-20.169719773085443,0.005145556453718836,22.432028,-34.373077,2,4,4,0.5746110808823528
Becker,5.3767251692360585,0.4749376195164634,-9.785859,-3.2951524,1,1,1,2.999059544444444
BxPC-3,2.901152824188554,2.760810398913938,-4.284709,3.0837967,1,1,1,2.5990328333333332
C-33-A,-7.218148901228856,-1.3105745926759318,9.854669,-12.5908375,3,2,2,1.9555109444444447
C-4-I,1.7616755525081174,0.06793076151105737,-1.7018515,8.771897,1,1,1,2.58418151396648
C2BBe1,13.652597333701921,1.9129976907947748,-13.312181,23.693546,4,3,3,3.3782546956521737
C32,7.810770485113811,11.718130384343842,-16.250006,-13.004777,4,3,3,3.1588046499999995
C3A,19.765921238234064,1.0599833704152135,-10.737544,28.353292,0,0,0,3.9403521444444447
CA46,-6.066036170870584,-3.0888703947382075,16.542875,-13.08638,3,2,2,2.129960683333334
CADO-ES1,-7.721984314663382,-6.100075115423803,10.744909,-23.114742,3,2,2,2.0774420888888887
CAL-120,19.385308988294963,-3.7180532932117742,-18.338598,23.615818,0,0,0,4.155584682051282
CAL-148,-7.159418842317992,-3.523420321734614,13.517081,-6.6348863,3,2,2,1.504129239669421
CAL-27,-8.032277202440987,-0.441092509823408,4.1395826,-9.980048,3,2,2,2.00220425
CAL-29,-1.4875077085262054,1.6433533756239784,-0.6163236,-5.4099765,1,1,1,2.440544938888889
CAL-33,-6.070443719156997,-1.1818660874831428,3.9034905,-9.924647,3,2,2,2.1513037722222226
CAL-39,-16.17428781427783,10.010741543971346,-2.1392498,-22.953575,3,2,2,1.238215022222222
CAL-51,-8.538773977427452,-1.5280229036335709,3.2564442,-12.921613,3,2,2,2.0976022564102563
CAL-54,-8.035999868758006,4.696452975025363,-2.8313189,-12.953513,3,2,2,1.8126888777777777
CAL-62,-2.9750857729107163,0.8019857235956753,7.4021773,-7.030704,3,2,2,2.346555644444444
CAL-72,-2.667815504428308,-0.57530888452598,-2.6938899,-6.010351,1,1,1,2.3061631555555557
CAL-78,0.25967511010013455,-2.678353110227091,-10.491664,0.47508085,1,1,1,2.599409716666667
CAL-85-1,4.348589610872537,5.071443469693715,-13.576837,-0.5331905,1,1,1,2.7619066256410254
CAMA-1,1.45864914093647,-5.573990016803824,8.679106,10.28799,1,1,1,2.5347963076923072
CAPAN-1,9.731270298120378,2.171305638569215,-8.284243,19.373783,4,3,3,3.2010192611111115
CAPAN-2,22.705371681420054,4.993203381494004,-14.324198,33.676975,0,0,0,3.931917766666667
CAS-1,11.98592313687913,2.3622055097508454,-17.719032,11.637184,4,3,3,3.373987494382022
CCK-81,-3.986178983093934,3.3971150943326363,3.4398692,-0.36818817,3,2,2,2.1021030432432437
CCRF-CEM,-20.984730275565866,-4.539206494462525,22.78758,-23.751287,2,4,4,1.046705327777778
CESS,-19.09861604307533,-2.0984667468685285,26.62484,-25.281757,2,4,4,1.24373992178771
CFPAC-1,4.766025320935919,1.3516965426098166,-9.691242,11.12953,1,1,1,2.9201448444444447
CGTH-W-1,4.754591486678277,-0.5518544331845663,-8.906646,8.649793,1,1,1,2.720174676470588
CHL-1,0.7797113385352021,-2.7736933171676044,2.731382,4.6202345,1,1,1,2.509572566666667
CHP-134,-6.62333874303056,-7.227936145771512,12.724352,-2.3942313,3,2,2,2.2668656123595503
CHP-212,-13.198083118017317,12.35212069631472,2.62083,-24.970224,3,2,2,1.6458418491620115
CHSA8926,4.974156048301828,-0.4489261074798892,-11.145399,3.5290892,1,1,1,2.757011192090395
CL-11,16.173714229410606,9.691761425955532,-9.556085,25.811752,4,3,3,3.6826466630434784
CL-34,0.29601932709065903,6.8534923461700465,-14.869389,-10.368551,1,1,1,2.7451215575221237
CL-40,-0.5060495368532107,4.83832183678629,-13.812332,-7.519655,1,1,1,2.537201486338798
CML-T1,-24.626988463899735,-1.0547687784341824,25.085125,-34.15158,2,4,4,0.805101611111111
COLO-205,-3.804958555644933,10.9991732315242,-8.167888,-11.465398,3,2,2,2.1480088586956527
COLO-320-HSR,-5.109418274500638,-6.168259226939904,19.885506,-6.8049,3,2,2,2.1260143423913043
COLO-668,4.177260430115542,-0.4414083633043797,4.195677,16.388123,1,1,1,2.763298311111112
COLO-678,42.53489306303806,6.523059701007501,-22.850065,37.54773,0,0,0,5.544892538043479
COLO-679,3.3444455258680446,11.671506198743803,-14.903789,-13.995634,1,1,1,2.6722756111111114
COLO-680N,22.949213781215086,-0.3692827388418043,-17.22314,33.97271,0,0,0,4.168219222222222
COLO-684,1.8086945836407757,-3.92910516023493,4.2030516,8.101781,1,1,1,2.600561216666666
COLO-792,0.009679371208043186,4.107958550391807,-0.6063817,-0.22294313,1,1,1,2.4242054078212294
COLO-824,1.1768669705939743,-4.017156402398441,11.584762,4.906979,1,1,1,2.4981250871794876
COLO-829,20.85700833852355,7.680554350371688,-9.228288,22.629934,0,0,0,3.9744502290502797
COR-L105,7.234620571770716,8.46637023776277,-4.571834,14.825838,4,3,3,2.7686990500000004
COR-L23,5.249328733825066,0.46525159837731994,-12.254402,9.990545,1,1,1,2.8837636055555556
COR-L279,-5.256139954666771,-5.066321339479901,14.854372,-5.0427675,3,2,2,1.5910493529411764
COR-L311,-8.496519463976327,-5.763232380446947,16.26032,-5.989232,3,2,2,1.8990572458100559
COR-L32,-5.470916603975573,-3.835839503609406,16.592737,-4.392411,3,2,2,1.4701596813186815
COR-L88,7.010232456977377,-4.268755188194604,-5.8454795,9.209841,4,3,3,3.0350120392156863
COR-L95,0.26503829695636494,-2.239334230546251,-2.6285493,2.0789144,1,1,1,1.1456417083333335
CP66-MEL,7.960363726840226,5.4803176701060465,-15.040513,8.08948,4,3,3,3.928864500000001
CPC-N,-8.07719228541826,-4.115098322242131,19.332691,-10.082984,3,2,2,1.917794460674158
CS1,1.857343790402319,-0.1049331189757785,-4.180503,1.7943959,1,1,1,2.5623090349650353
CTV-1,-23.991458891498176,-0.45685858165103754,25.708717,-33.50708,2,4,4,0.8371468314606741
CW-2,3.9989567805708335,0.25322437897100053,2.1024323,0.45511648,1,1,1,2.732276711956522
Ca-Ski,-1.5761472591697245,0.5004414857800787,-0.26550746,-4.7790227,1,1,1,2.3706655166666666
Ca9-22,-3.373386363872893,1.3464717593940436,2.7213013,-5.770336,3,2,2,2.1722905138121544
CaR-1,4.44652005284122,-1.1856365066836274,-11.508924,7.0542107,1,1,1,2.714747545945946
Calu-3,15.778430342912225,-2.7054740955984844,-20.3991,25.278582,4,3,3,3.485902622222222
Calu-6,3.6409883525140625,6.440523268054038,-12.741183,-8.013579,1,1,1,2.8479660277777783
Caov-4,0.7898654034593292,2.9194685389102997,-4.3253727,-0.8857985,1,1,1,2.1530143663366337
D-263MG,2.7093281134824565,-1.1659875390182959,-5.4150763,6.1091657,1,1,1,2.6889491340782126
D-283MED,-19.70886100133535,-2.0574098627352897,18.666517,-25.31775,2,4,4,1.153587288888889
D-392MG,4.987697263111274,0.7146815556286679,-7.6779995,6.920517,1,1,1,2.7769502999999998
DAN-G,-2.2642890526332184,3.518123603475777,-3.264478,-7.4888654,1,1,1,2.268699161111111
DB,-13.694938163820659,-6.008522326178088,24.859568,-20.620049,2,4,4,1.625687787709497
DBTRG-05MG,28.365498146105733,1.6191273350004884,-21.856272,34.191647,0,0,0,4.685347877777778
DEL,-30.36279401759866,-0.6790741259129942,23.372387,-29.468214,2,4,4,0.44923871508379876
DG-75,-8.538624223301092,-1.6387495341337925,15.3984165,-14.173978,3,2,2,1.9921916703910618
DK-MG,7.811580933722455,2.6389601149044517,-17.835732,11.096853,4,3,3,3.0636228500000002
DMS-114,2.6603392384483477,-4.876280374158616,-3.8013043,6.8193784,1,1,1,2.6693132999999993
DMS-273,-9.43972113687521,-3.776610993166336,14.006815,-9.860673,3,2,2,1.8982772905027931
DMS-53,13.29837069844306,-5.188272172552123,-18.94923,25.636179,4,3,3,3.4115244222222225
DMS-79,-1.0955732624595682,-2.269856519589021,-16.853868,2.274049,1,1,1,2.7372387578947373
DND-41,-13.434640118124362,-3.14288949943386,27.095041,-17.79093,2,4,4,1.5054601222222221
DOHH-2,-17.292907361131842,-1.2468647526352294,20.009212,-16.672386,2,4,4,0.6385803473684211
DOK,-9.342281331632146,8.834841311554339,-2.5223293,-22.580494,3,2,2,1.655780277777778
DOV13,-9.746096837572761,-0.7108192614594507,2.731587,-14.900383,3,2,2,1.8623782346368716
DSH1,-8.048384032582383,0.824182124910174,5.2816854,-11.373998,3,2,2,1.7712195722222226
DU-145,13.213567416686669,-5.096913188331829,-14.356874,18.143276,4,3,3,3.5988311173184355
DU-4475,-19.915740808368376,12.549867251732636,18.552393,-31.697014,2,4,4,1.0214752642487046
Daoy,-9.240527026647037,-3.2849546685485227,11.14992,-14.021008,3,2,2,2.010142536312849
Daudi,-14.244042277741173,-1.9470616598978938,18.980415,-18.46567,2,4,4,1.5588647611111113
Detroit562,-10.869849979810805,3.3005033530489123,6.019937,-18.499695,3,2,2,1.744568655555556
DiFi,-1.8875317028526992,5.882768353512682,4.5250673,-0.12907653,1,1,1,2.2348546032608696
DoTc2-4510,-1.090819940845093,0.5004901650427647,2.1222172,2.0883417,1,1,1,2.3018610499999994
EB-3,-6.0679381803056875,-3.208538060199989,16.859707,-13.288083,3,2,2,2.061524433333333
EB2,-12.123326333378401,-6.17211415437432,14.097112,-19.27898,3,2,2,1.7541754611111113
EBC-1,1.2068776102456207,5.539075909432951,-19.303307,-4.204924,1,1,1,2.543418983333334
EC-GI-10,-8.744251172526033,2.8612310205206133,4.6919193,-9.370204,3,2,2,1.887302883333333
ECC10,-7.631672850892797,-0.15843605438108388,17.57135,0.3538147,3,2,2,1.9237180335195527
ECC12,0.8646731934838956,-3.1567183928208196,-1.520698,3.9437249,1,1,1,3.14331192
EFM-19,4.200872523788296,-6.073035152980923,8.185004,9.56505,1,1,1,2.759646816326531
EFM-192A,13.79355769904257,-5.045953257206801,-10.530107,34.16732,4,3,3,3.3911982279792747
EFO-21,27.161749318393284,2.767380422717887,-18.166767,34.52936,0,0,0,4.448059688888889
EFO-27,5.016615133489215,1.739142091220542,-6.3268237,11.322566,1,1,1,3.555972652631579
EGI-1,28.8603336290221,-5.554565044565143,-20.560492,33.320854,0,0,0,4.432839933333334
EJM,-2.606314284632269,-3.9804706698326857,8.320641,0.17843746,1,1,1,2.394864222222222
EKVX,7.895634392901744,0.280609579579231,-4.614577,11.6481085,4,3,3,3.8232972421052627
EM-2,-16.075840979710822,2.8083901700412794,23.354671,-35.535007,2,4,4,1.431132720670391
EMC-BAC-2,-10.232564210781089,2.3884070631877283,7.7495623,-17.29321,3,2,2,1.8338096983240224
EN,10.33904069853001,-4.107727849687382,-3.7583206,27.935389,4,3,3,3.1577820999999995
EPLC-272H,-6.679091478997767,3.6337736912597696,-4.85722,-17.472805,3,2,2,1.9988670722222222
ES-2,-0.4706675359621728,4.14705948599202,-12.065306,-9.749494,1,1,1,2.590258972222222
ES1,-11.12673395884794,-2.1470181899117007,9.357675,-26.021017,3,2,2,0.807420188118812
ES4,4.791122444989174,-5.261576759758076,-18.133497,5.446854,1,1,1,2.9941280505617978
ES5,-7.0211707177176015,-1.7515847215516567,7.848484,-13.25031,3,2,2,2.069607010526316
ES6,6.640402201353102,-3.2834453303079094,-12.037222,8.685189,1,1,1,2.9603845722222224
ES7,-17.000561911447665,-5.743670656790973,16.474598,-23.861494,2,4,4,1.4057362500000004
ES8,-19.397046471242525,-3.6566953683827474,17.03345,-24.487597,2,4,4,1.243197261111111
ESO26,3.1880396898527357,-4.601477747990134,-2.157058,4.1873493,1,1,1,2.86021697752809
ESO51,4.791095168241633,4.127422055140196,-16.610968,-5.9431705,1,1,1,2.8247073444444446
ESS-1,-14.513976622935944,-0.07847417556045011,9.6623745,-18.229233,3,2,4,1.4979448611111112
ETK-1,4.175168986537765,-0.8768067301446829,-13.742742,2.1318748,1,1,1,2.8872499388888895
EVSA-T,-11.224531721460684,-3.1823922096505957,13.727945,9.3015785,3,2,2,1.556148155440414
EW-1,-14.126461271978698,-4.5860926016956505,14.934024,-23.280699,3,2,2,1.5944557055555548
EW-11,-8.392051705758117,-5.874761268838862,13.873602,-22.59715,3,2,2,2.00637185
EW-13,5.593286860231842,-7.471061458687932,-18.41583,3.6311023,1,1,1,3.0233066049382717
EW-16,-3.7178590109233753,-3.0509338069663285,10.520497,-5.257259,3,2,2,2.4210606833333332
EW-18,-7.489486706763647,-5.442502980903687,21.52677,-11.465816,3,2,2,2.0364009333333333
EW-22,-13.81232697630754,-7.245707605327164,15.408146,-24.784939,2,4,4,1.6909881222222225
EW-24,3.766870798482862,-7.242614453725386,-16.70991,0.03127558,1,1,1,2.8118041555555555
EW-3,-15.427605871651895,-7.466208168875701,15.666207,-25.622799,2,4,4,1.6136436055555559
EW-7,-12.505808295760252,-3.294603348118029,13.976445,-23.434769,3,2,2,1.6522272793296089
EoL-1-cell,-31.516349804215217,3.8560811040988514,23.286757,-32.3845,2,4,4,0.17660562222222215
FADU,-2.944125746590334,0.9013628082023204,2.7829962,-7.0387983,3,2,2,2.3714354444444443
FLO-1,-6.705915686440939,0.5553258337874748,8.438683,-14.846257,3,2,2,2.0073233444444445
FTC-133,3.4831951327220096,-5.594425657529519,-13.181621,11.619816,1,1,1,2.8803889289940834
FU-OV-1,11.257379339866171,0.7872104997497946,-23.981438,14.064657,4,3,3,3.3901733725490195
FU97,0.522607298546607,-0.9900430108275998,5.377468,7.358289,1,1,1,2.1371540098039215
Farage,-7.817673259393938,-1.090049881532391,7.9007225,-13.278002,3,2,2,1.996021063157895
G-292-Clone-A141B1,14.941863586350983,-2.934678508928303,-6.509794,30.08156,4,3,3,3.4112173055555557
G-361,-2.149274698364498,6.705832310791962,-12.4784155,-13.225225,1,1,1,2.2631729333333332
G-401,-14.435240341133365,2.113665801333262,4.721977,-27.53972,3,2,2,1.5044077722222224
G-402,-10.524272605132959,1.7514364362106027,-0.85527796,-18.731958,3,2,2,1.7728485168539325
G-MEL,-6.794218824504618,6.650723830597677,5.414701,-14.363102,3,2,2,1.9071820319148933
GA-10,-23.709825026941992,-2.001581190775036,26.22998,-28.24935,2,4,4,0.9000924944444446
GAK,1.500981697014251,5.881111749037423,-12.702812,-12.442088,1,1,1,2.459326972222222
GAMG,-1.252725935909158,-2.0581972280930807,-6.0818334,-2.989677,1,1,1,2.445063195530726
GB-1,9.853057325853074,-5.888625617124232,-17.612486,21.652424,4,3,3,3.238975416666667
GCIY,5.027653648436983,3.1000616736291136,-3.8097167,13.912579,1,1,1,2.75967885
GCT,2.769189699980671,2.5478507169442963,-11.196711,1.7445277,1,1,1,2.782126288888889
GDM-1,-19.602969440827223,-1.1026952918233472,28.243244,-23.964691,2,4,4,1.1140437765363127
GI-1,-6.333974981686122,-2.9166462024615942,9.583546,-10.670548,3,2,2,2.0417630935672517
GI-ME-N,10.629003755289908,3.5547002501719205,-16.756298,13.619425,4,3,3,3.317345661111111
GMS-10,-7.123107335978091,2.6485568457002167,7.420481,-16.147324,3,2,2,1.9454762127659575
GOTO,1.8194314361079553,-4.539196868976557,-19.023333,1.0109026,1,1,1,2.7523954944444444
GP5d,-10.234697132260203,0.546145456640686,4.683035,-16.109013,3,2,2,1.889367131147541
GR-ST,-8.157084646289242,-4.494183803217194,16.291054,-12.11699,3,2,2,1.9795020833333332
GRANTA-519,3.384000078111762,-9.054680105889318,-19.811056,2.169409,1,1,1,3.044609346368715
H-EMC-SS,13.170908796053201,1.0202607940364294,-15.579491,22.672941,4,3,3,3.3859603591160217
H3255,5.395905039122706,0.5119209321998544,-5.22115,12.073622,1,1,1,3.4600454000000003
H4,-12.973918414523368,0.18354957750644935,8.430785,-20.094881,3,2,2,1.6801178547486035
H9,-19.273161954853222,3.5653929681850203,20.47536,-25.97146,2,4,4,1.1161544857142858
HA7-RCC,7.392901063564317,-0.5308139217878453,-14.2520485,9.901132,4,3,3,3.9409608526315787
HAL-01,-21.411319619818542,0.22015711496654355,28.260866,-26.219265,2,4,4,0.9693732333333333
HARA,-11.509985707225374,1.6908925686002623,6.664165,-18.71339,3,2,2,1.7314705444444445
HC-1,-13.24965189672952,-3.4125357170590838,14.640902,-17.512705,3,2,2,1.6998564413407824
HCC-15,8.388603986010507,-1.9003031051455541,-2.31059,12.487193,4,3,3,3.224252342696629
HCC-366,1.8718028098821065,1.0624419661386204,-12.112959,2.2533119,1,1,1,3.1841587789473684
HCC-44,-4.58836798821174,5.783033804554368,-1.7222922,-9.218162,3,2,2,2.159512844444445
HCC-78,-2.3124214287620295,0.34957971767666374,-7.7258472,-14.7608795,1,1,1,2.3721741381215473
HCC-827,9.923565321261329,4.452166815327554,-7.64537,14.000632,4,3,3,3.0781186853932585
HCC1143,10.388100584941242,2.6009492037101563,-2.2381127,15.921979,4,3,3,3.1975853846153846
HCC1187,4.639003376066293,-6.749923795230826,0.24390449,6.696202,1,1,1,2.915681302564102
HCC1395,-0.14259077220144356,-0.7919410034023253,-8.56484,-1.6026497,1,1,1,2.1809023114754096
HCC1419,12.814813219325726,-5.02453361431446,-10.259634,33.721878,4,3,3,3.237914435233161
HCC1428,32.000115200639335,-7.499317186427779,-18.445833,37.534657,0,0,0,4.797751430769232
HCC1500,8.146993462106177,-6.266949868368188,1.6259881,14.893653,4,3,3,2.9941733829787234
HCC1569,-1.7884351906050648,-0.7281246198587044,9.368568,6.205306,1,1,1,2.359159347826087
HCC1599,-0.699310481795309,-2.8517253650329253,-3.4740057,-0.013591886,1,1,1,2.218445507936508
HCC1806,-9.618057679523435,2.6839457119537533,3.167745,-16.955069,3,2,2,1.9648280773195876
HCC1937,16.771981803277388,-2.6127277521736985,-11.831855,32.50831,4,3,3,3.570270773195877
HCC1954,-0.43710427082924175,-5.646476086004995,4.934361,10.657643,1,1,1,2.4783761794871797
HCC202,0.5929957542309927,-0.06533064054247759,-3.874343,1.5972729,1,1,1,1.9719894285714286
HCC2157,-2.09886703385085,-5.450698897673882,9.971117,10.36422,1,1,1,2.3807479589743594
HCC2218,2.3469937859012324,0.4188402135865131,6.8579035,5.354325,1,1,1,2.3950432962962966
HCC2998,-9.513346580523766,9.039804221548046,2.5019398,-22.69379,3,2,2,1.855258820652174
HCC38,10.093570523591389,-5.8085205544836365,-14.399967,13.129531,4,3,3,3.363057755102041
HCC70,1.2449879795930061,-2.1342363174557732,8.084416,11.124002,1,1,1,2.419354683673469
HCT-116,-11.480132769418494,6.768889037854334,3.0262687,-21.378565,3,2,2,1.6565107243243244
HCT-15,-8.630778864869951,2.0762808713933163,7.009548,-20.080976,3,2,2,1.9016977945945948
HD-MY-Z,30.53557993402503,0.35168866101560226,-19.234447,35.1336,0,0,0,4.700983961111111
HDLM-2,-1.766479475698838,-5.886219231068269,21.189257,-2.0500388,1,1,1,2.442976761111111
HDQ-P1,0.9739268790121803,2.2494192565193307,8.283071,14.675253,1,1,1,2.4807623814432986
HEC-1,17.657883453089177,-5.475431016420489,-18.298172,26.734701,0,3,3,3.7436235195530725
HEL,-5.802905668942392,-1.170051260035895,14.371638,-12.169273,3,2,2,2.1535653052631583
HGC-27,-11.025922164027401,-3.7043950553073044,14.344942,-8.412385,3,2,2,1.7090734034090909
HH,8.978901072870595,-3.3430181734020015,-3.10898,27.484505,4,3,3,3.0106994388888895
HL-60,-14.765105835521375,0.7228147333056487,28.048288,-21.115238,2,4,4,1.466176877094972
HLE,-3.101862648666751,-1.3214657722390215,9.056606,-8.028055,1,2,2,2.316771872222222
HMV-II,0.4765546431140657,10.5577830368836,-12.903069,-12.3951235,1,1,1,2.4889712333333334
HO-1-N-1,-10.997680730106765,3.7492608481231966,5.3228817,-19.102785,3,2,2,1.7220445833333333
HO-1-u-1,-6.801228303853068,0.8181412687975762,5.294695,-5.282056,3,2,2,1.0370064158415842
HOP-62,8.08448064555392,2.1222089124892247,-10.811388,13.5074215,4,3,3,3.160566938888889
HOP-92,14.041812738010526,0.6020851210439774,-15.570279,24.366985,4,3,3,3.3803438659217875
HOS,-7.439064589274905,-3.3497412452701134,9.697366,-11.228602,3,2,2,1.9921485166666666
HPAC,20.701660609445547,3.85484267503126,-12.099607,24.987211,0,0,0,3.8868124972067037
HPAF-II,16.97059933799975,5.281037837501063,-11.483743,24.797817,4,3,3,3.588834761111111
HSC-2,-12.046920049025422,-0.7833146911091786,6.104216,-17.772041,3,2,2,1.6642694581005586
HSC-3,-9.060210578683568,1.6503638523014064,7.670345,-16.52393,3,2,2,1.9228325617977529
HSC-39,-14.264966273063118,1.2159577666793724,8.369444,-27.199707,3,2,2,0.3588822673267328
HSC-4,6.219167232436096,-3.983944894334434,-5.634738,20.721363,1,1,1,2.8342772960893856
HT-1080,7.758214261646475,-1.5887075293824608,-0.52532125,12.216376,4,3,3,3.0708349166666666
HT-115,2.352567851746109,0.5975548210712771,-1.0958368,9.90519,1,1,1,2.8927745752212384
HT-1197,13.388644340348348,-2.3458486077467366,-13.3825865,30.217766,4,3,3,3.4200365418994414
HT-1376,18.67289452035274,-3.9358317000447394,-17.945995,27.680086,0,3,0,3.988187562043795
HT-144,-4.853981776927896,10.929410352904913,-12.598862,-14.022212,3,2,2,2.073532084269663
HT-29,-2.5442922038955063,13.051571054670122,-9.294165,-11.039025,3,2,2,2.3259344918918914
HT-3,9.361658135409586,-1.1608626010000098,-7.5441008,18.836111,4,3,3,3.1501835222222216
HT55,-1.1442429866857031,8.402306564748116,-6.6209555,-9.586902,1,1,1,2.2661459726775957
HTC-C3,1.508064899723626,6.078187444991535,-11.906666,-4.966792,1,1,1,2.5602425
HeLa,1.5536299116593062,-3.025062733084634,1.5969025,6.778098,1,1,1,2.6049759055555555
Hep3B2-1-7,-3.3015414059240102,5.2886431252020785,4.721295,-13.605213,3,2,2,2.246473147368421
Hey,5.816409898723429,6.896776375644962,-10.828547,13.7555895,1,1,1,3.0028610888888894
Hs-445,-10.917214376473584,-3.715744407812924,14.568555,-17.696016,3,2,2,1.9187934413407821
Hs-578-T,-6.421324694227931,1.8641338424053029,-5.76288,-5.665721,3,2,2,1.99733038974359
Hs-633T,-8.252854061437745,3.0634532207558616,1.2713543,-14.646621,3,2,2,1.1062764705882353
Hs-746T,5.7184631004055415,3.3529070599831288,-19.429487,-3.440786,1,1,1,2.8508952849162017
Hs-766T,12.223659771525881,2.610998635174292,-24.415995,13.646979,4,3,3,3.566765882352941
HuCCT1,5.287458165274437,4.544785343138077,-7.743146,12.219548,1,1,1,2.7731774999999996
HuH-7,18.99758017927362,-2.753084810506864,-11.918868,28.593204,4,3,3,3.759381480446927
HuO-3N1,13.156004719956446,-3.7522341366942413,-17.64215,16.026546,4,3,3,3.5030973072625695
HuO9,-12.736392886948735,-2.961153590291862,12.100006,-21.638845,3,2,2,1.708268290502793
HuP-T3,10.975346312768089,3.3271265372499625,-14.440634,23.497625,4,3,3,3.2797726312849163
HuP-T4,8.623121333323013,-2.6718228868546365,-8.2264,19.225227,4,3,3,3.1483416368715087
HuTu-80,-7.781922479599892,-0.5255505094951733,7.125864,-12.28842,3,2,2,1.8295693541666662
IA-LM,21.06931999953218,-1.6355940371928428,-17.006882,29.388369,0,0,0,3.906789222222222
IGR-1,2.430142054111172,0.8138217601530506,-3.9469671,5.416922,1,1,1,2.6892851460674154
IGR-37,-5.160478980600802,11.670918338435559,-13.001459,-14.836366,3,2,2,2.0809593631284913
IGROV-1,-10.90955342634733,8.610604799419448,-2.681466,-21.697678,3,2,2,1.6080681117318432
IHH-4,-10.553923161671554,5.11068733642745,2.5592086,-19.550922,3,2,2,1.7951176055555549
IM-9,-24.762185476444888,7.818317305135697,21.067606,-29.768177,2,4,4,0.7720225444444443
IM-95,-0.7557946558856256,-0.9327557708800347,-0.9629292,1.0651481,1,1,1,2.4400907541899435
IMR-5,-18.917199922025787,-5.1114835503973675,17.945456,-24.11196,2,4,4,1.2979981787709498
IST-MEL1,0.4912274124039616,2.0951972508814753,-5.145275,-0.29659465,1,1,1,2.210714392156863
IST-MES1,8.343768126373577,-0.13580184747502988,-9.737034,7.2518578,4,3,3,2.968622016666667
IST-SL2,-9.121251236898782,-5.642418747913523,17.876726,-5.0712786,3,2,2,1.9135651190476188
J82,24.594892633149065,-4.761438064438775,-18.419933,31.351871,0,0,0,4.281319709497207
JHH-1,8.709299908444518,-1.0929694365301215,-0.31696606,13.469534,4,3,3,2.978668566666667
JHH-2,5.551502723002708,3.129380662351463,-7.501138,-0.23339228,1,1,1,2.747796211111111
JHH-4,8.067310580749,-0.7331607450020488,-10.605561,8.46301,4,3,3,3.0382891787709494
JHH-6,12.384840328998393,0.46612019521682524,-10.975248,20.114199,4,3,3,3.4166664413407823
JHH-7,16.411548360783307,-1.6719298379905845,-11.680655,28.402065,4,3,3,3.651913677777778
JHU-022,8.528944276840061,7.858595740301238,-5.3158536,14.544189,4,3,3,2.9813099611111107
JIMT-1,6.61376687904427,-2.83745311700617,-14.632899,1.2167875,1,1,1,3.068795051282051
JJN-3,-11.543897817401142,-3.406234334383308,19.988571,-13.201858,3,2,2,1.7093601229050281
JSC-1,-19.388360990377542,3.0670005652253334,21.29176,-28.472807,2,4,4,1.2473376214689267
JURL-MK1,-18.305402222202723,11.052011961613626,24.575163,-37.25852,2,4,4,0.797777507936508
JVM-2,-24.441774691523666,-0.25120215872169627,26.144283,-26.311575,2,4,4,0.8594820670391061
JVM-3,-28.07697843132329,2.5436587013668692,25.536034,-26.961494,2,4,4,0.549570849162011
JiyoyeP-2003,-16.326717130328554,-1.5935978478722603,16.618528,-18.927593,2,4,4,1.3001074825581396
Jurkat,-20.186672273749792,-6.954613420561043,22.016191,-24.250267,2,4,4,1.1059913407821231
K-562,0.33927895246899603,0.013885830841897678,2.7822733,6.2807903,1,1,1,2.4825365722222226
K5,-7.706947566723653,8.697453762667234,0.93282866,-20.117964,3,2,2,1.933119311111111
KALS-1,6.807161274496096,3.958548226559416,-9.193553,4.20768,1,1,1,2.9981007222222225
KARPAS-1106P,-14.844838899205325,-1.980762329980272,21.025818,-18.99187,2,4,4,1.478882754189944
KARPAS-231,-13.762854480707695,-8.132553715022832,28.216946,-17.538517,2,4,4,1.5527984858757062
KARPAS-299,-12.64700246740739,-0.36872086293854395,9.778305,-19.856762,3,2,2,1.3356564827586206
KARPAS-422,-10.452202127386851,-1.3653285315563872,18.196592,-14.781945,3,2,2,1.7410783888888886
KARPAS-45,-14.003452119457432,-1.907073706544345,22.268341,-14.639328,2,4,4,1.4356440112359548
KARPAS-620,-10.18902787530213,0.06702189711475881,22.818253,-13.474896,3,2,2,1.702802988826816
KASUMI-1,-11.32049856240503,2.6681858978748805,6.5147624,-14.872825,3,2,2,1.3183009787234043
KATOIII,12.467591747008862,1.4738442016638698,-2.3306222,21.842682,4,3,3,3.2525425222222224
KCL-22,-16.05092056063199,2.2195769416592337,23.509094,-36.291195,2,4,4,1.3930365898876405
KE-37,-25.676403937616882,-5.139760565476233,22.652306,-24.542812,2,4,4,0.7154892960893855
KELLY,-16.515864545633224,-2.670474599505779,19.270987,-22.082392,2,4,4,1.3753174166666668
KG-1,-6.829100119545077,-2.3937131016545283,22.74944,-4.9616146,3,2,2,2.085879843575419
KGN,-5.607244347593282,0.580229457468828,1.1279842,-13.4388275,3,2,2,1.529530039215686
KINGS-1,22.904962153346112,0.800675639272037,-15.438887,31.680061,0,0,0,4.044959977777777
KLE,20.110229820283955,-2.0485831783196047,-13.416478,31.200844,0,0,0,3.8649852513966474
KM-H2,-6.535854809213602,-3.3385970591897163,12.446013,-11.788742,3,2,2,2.159476133333333
KM12,-2.2694318553171233,0.6330154589680658,-5.9756026,-13.374924,1,1,1,2.3695085108695655
KMOE-2,-6.648285196033741,7.68313297818543,0.9858603,-23.430346,3,2,2,1.9311216573033707
KMRC-1,4.263641762877343,-0.6031994053855669,-8.211971,0.58945364,1,1,1,2.6601731078431374
KMRC-20,2.863742437387578,-2.4062508568241823,-12.23228,12.03394,1,1,1,2.787147011111111
KMS-12-BM,-18.498661120829347,-5.4391465497286715,24.051311,-18.95874,2,4,4,1.1833984972067044
KNS-62,5.908240335099873,2.194810189226783,0.22620822,17.465342,1,1,1,2.824133622222223
KOPN-8,-24.451577141944536,-1.9950955907476113,24.369839,-25.191175,2,4,4,0.8851153687150837
KP-1N,11.73622146109959,-1.837019213960084,-15.136766,19.828995,4,3,3,3.414012805555555
KP-2,17.99245147563441,2.0494028448022976,-12.0171995,25.671114,4,3,3,3.7374012067039106
KP-3,25.362524225880154,-2.278097702149745,-16.898607,33.064304,0,0,0,4.292027577777778
KP-4,-1.4561303731678,0.49167207698587095,8.232093,-6.0780587,1,1,1,2.4906374388888888
KP-N-YN,2.5670052141037325,-5.247928408604416,11.926464,-0.8758947,1,1,1,2.8195476547619047
KS-1,1.4137112189009344,4.649295848229945,-6.426408,2.7395234,1,1,1,2.5805236983240225
KU-19-19,-11.30080273221341,10.487615114983456,2.3641918,-21.61665,3,2,2,1.742839573033708
KU812,-22.84404069330059,9.336582874210281,24.635233,-36.12845,2,4,4,0.8231278342541437
KURAMOCHI,23.883639680895644,-1.2209194091055722,-17.137897,34.025772,0,0,0,4.141203533333333
KY821,-23.443742575636534,1.5527337422583332,27.481064,-22.308899,2,4,4,0.9093410224719102
KYAE-1,15.817826066308257,-3.5431418159235477,-11.148291,32.953667,4,3,3,3.38813035
KYM-1,-16.716731889309706,-2.797604604316549,10.529032,-18.913149,2,4,4,1.3170668944444444
KYSE-140,-6.52657009457565,1.683641264195265,-4.9262414,-17.541946,3,2,2,1.9695831011235954
KYSE-150,-3.3209103250340863,2.0181095087731373,4.0600247,-4.76993,3,2,2,1.6936543663366337
KYSE-180,-5.837520177311477,-1.7630714239855743,6.104314,-9.044561,3,2,2,2.1013445363128493
KYSE-220,-9.322776529310659,3.4287111456118913,4.362974,-18.08742,3,2,2,1.8443261005586595
KYSE-270,-1.4677434872595096,0.33562948458011643,-5.3297234,-11.29174,1,1,1,2.3498296871508377
KYSE-410,16.346177826852852,3.5541727518564246,-22.38596,27.290098,4,3,3,3.6569708055555554
KYSE-450,1.4809380552953653,1.215862042893086,3.3667521,-3.404582,1,1,1,2.5420963277777773
KYSE-50,7.930961429108889,-2.6072163880939403,-0.5617254,13.645514,4,3,3,2.926623966480447
KYSE-510,-4.04009312245079,-0.5399481137652921,7.425119,-10.033641,3,2,2,1.8471188085106383
KYSE-520,19.08175905980826,3.2083247858597717,-22.315147,27.63221,0,3,3,3.7872151284916202
KYSE-70,22.6602515664161,-3.868331378345169,-16.59577,31.382557,0,0,0,4.062206788888889
L-1236,-14.931133639702553,-3.5876668064892385,25.746946,-15.344403,2,4,4,1.3414722737430171
L-363,-11.157129319805469,-2.3785909188048167,21.706047,-12.986029,3,2,2,1.6426000223463688
L-428,-8.005157185153882,-5.53910534807067,13.150856,-14.344815,3,2,2,2.0089712458100557
L-540,-15.408563332522021,-5.137491650896471,19.35961,-20.123693,2,4,4,1.4922764861878453
LAMA-84,-20.67779627725323,6.960562645685112,24.265852,-36.12627,2,4,4,0.9610097944444443
LB771-HNC,14.13963898043276,-4.086358257884546,-13.909993,28.524193,4,3,3,3.4834995307262573
LB831-BLC,1.2937485596989986,-1.5775636157989577,-9.3353615,2.2934468,1,1,1,2.596013558659218
LB996-RCC,-2.1261112369591215,-1.9219942108180388,0.7456153,-9.10428,1,2,2,2.4226893296089385
LC-1-sq,8.670796664359484,-1.561941347573939,-18.84846,8.064223,4,3,3,3.1594174413407825
LC4-1,-17.727675617619543,-4.952167466197492,25.309519,-22.118216,2,4,4,1.3143998944444444
LCLC-103H,0.8582803000544583,-2.468720901389765,-7.191547,1.5744524,1,1,1,2.612045622222222
LCLC-97TM1,0.675883397133744,4.44236341846527,-9.952162,-6.265493,1,1,1,2.6179688882681567
LK-2,2.6055984614658243,-3.2354150091997886,0.9150865,8.713998,1,1,1,2.767783322222222
LN-18,1.2480642920810654,-3.266532031882604,-11.265082,-1.5205593,1,1,1,2.576043491620112
LN-229,17.33446398546809,-1.8433220426807417,-16.00558,27.866282,4,3,3,3.70802910055866
LN-405,20.947823080623984,-5.024723592383936,-15.576021,29.820389,0,0,0,3.946837716666667
LNCaP-Clone-FGC,-10.378685819320953,-4.804475866689192,15.2937,-9.004037,3,2,2,1.7871874134078214
LNZTA3WT4,-0.26396204499725373,-0.8413607656178851,-3.7419243,1.0423185,1,1,1,0.9602244782608697
LOU-NH91,0.8229737708890303,0.17851040766582105,1.0196792,-5.3947816,1,1,1,2.625267608938547
LOUCY,-19.330978067888125,-3.0862946825774378,23.21262,-20.915655,2,4,4,1.1299107666666668
LOXIMVI,-14.158153913178772,7.944702341658669,2.163829,-21.347132,3,2,2,1.5047405139664805
LP-1,4.440449679493929,-4.591632225882288,-3.5788116,8.559565,1,1,1,3.5418183749999996
LS-1034,13.599625013451764,2.9764750619590017,-8.218012,26.451195,4,3,3,3.349452756756757
LS-123,19.52841338499461,3.057081976801703,-13.62657,24.665417,0,0,0,3.7342525945945946
LS-180,3.9855754169873956,4.534541337492532,4.7928543,14.0215025,1,1,1,2.821035513513513
LS-411N,-1.3627761192955101,9.808983451604135,-9.537793,-10.887374,1,1,1,2.4055526739130433
LS-513,-4.997615503072476,9.041986513512597,-5.781514,-9.298363,3,2,2,2.0321967343750003
LU-135,-0.2190240042003151,-4.336586145698796,12.108642,-1.5743909,1,1,1,2.6071993672316385
LU-139,-1.1106621836728294,-4.192130260251008,-1.2918066,3.3344386,1,1,1,2.6510856976744184
LU-165,22.224085293283338,-7.585030242681011,-17.23363,30.721035,0,0,0,4.0952555777777775
LU-65,-1.6036643767703476,9.443861427692399,-9.959863,-8.932269,1,1,1,2.3592318444444444
LU-99A,11.577386166484585,1.8993053445038757,-19.237818,19.361908,4,3,3,3.428678441340782
LXF-289,-5.5824838189136035,1.2571706189429708,-0.83997023,-8.632966,3,2,2,2.1007599608938547
LoVo,-6.142370126513093,8.688025420073984,-1.6218413,-14.653076,3,2,2,2.0164064594594597
M059J,-0.9021344302205827,-1.0008472767722436,-5.4033556,-2.1786323,1,1,1,2.4948736033519547
M14,-4.314459011036411,13.094163320597872,-12.577112,-14.866654,3,2,2,2.222009770949721
MC-CAR,-14.464453795477635,-7.760152271682311,26.614857,-19.822603,2,4,4,1.5268807821229051
MCF7,9.219869576952686,-7.184109724770754,2.902412,12.256487,4,3,3,3.111069723076923
MDA-MB-157,4.423809102394876,-5.182634150184474,-2.614569,5.8255653,1,1,1,2.9191909285714286
MDA-MB-175-VII,6.722856276485759,2.470703503969421,5.707886,5.158738,1,1,1,3.0976009672131144
MDA-MB-231,-1.427332068127954,2.2499997077849194,6.3720064,-0.7636054,1,1,1,2.378454117346939
MDA-MB-330,3.6334196236477565,-4.622347020956836,7.5996685,6.632327,1,1,1,2.9800656821705425
MDA-MB-361,-2.327831127806122,-4.097829009860899,12.413357,10.853074,1,1,1,2.3811740256410254
MDA-MB-415,-1.6152360144116404,-3.2094349661502433,8.98643,10.332384,1,1,1,2.311161886597938
MDA-MB-436,14.700334981591922,-4.098241720889992,-15.285909,21.136301,4,3,3,3.566257775510204
MDA-MB-453,-5.9490617115653155,-0.47890441358282326,12.510577,10.857647,3,2,2,1.937494239795918
MDA-MB-468,-11.14543289502501,-1.7468393855357336,6.9982767,-11.949615,3,2,2,1.6682758717948716
MDST8,-6.501511199385258,6.894798756434942,-0.14474641,-16.517334,3,2,2,1.9739464011299437
ME-1,0.9564533840197478,-1.8834100197324553,22.741692,-3.9081519,1,1,1,2.5528181611111114
ME-180,0.04736093402868799,-1.4318400218208684,-0.4199704,-3.8576782,1,1,1,2.4656089333333333
MEG-01,-14.024845902454459,5.424257733670246,23.578886,-36.25949,2,4,4,1.5042310055555554
MEL-JUSO,13.919949618526388,1.719224700198276,-11.271245,22.174746,4,3,3,3.4878006033519555
MES-SA,-4.838543131277834,-3.4566899559952993,12.09088,-8.592669,3,2,2,2.1733128465909095
MFE-280,12.160117065280076,-3.5219109918988964,-7.956526,31.06292,4,3,3,3.222611294444445
MFE-296,15.05930719538255,-6.728192497495058,-15.182444,29.502388,4,3,3,3.5235032234636874
MFE-319,1.2971537844507768,-4.735413678859491,1.9112492,10.402417,1,1,1,2.558692625698324
MFH-ino,6.131526885295779,-0.30857513879059884,-8.218788,8.360434,1,1,1,2.9001073627450986
MFM-223,11.638805494550667,-1.3387585584741333,-7.8293133,31.150188,4,3,3,3.332993635897436
MG-63,0.1735418456442308,-1.2717034580847766,-5.294984,-3.5669978,1,1,1,2.5919514611111114
MHH-CALL-2,-17.756830580452014,-4.770140575777277,25.327076,-23.143267,2,4,4,1.3054072977528088
MHH-ES-1,-2.335883782329934,-5.886720716903701,10.554327,-5.226524,1,1,1,2.5496356077348064
MHH-PREB-1,-10.266137290449178,-3.0604412516208925,15.315723,-14.299765,3,2,2,1.8443186703910617
MIA-PaCa-2,-0.921650479261521,2.853880920271999,-8.4526005,-5.538871,1,1,1,2.4565503833333335
MKN1,3.232695571412492,-0.06559360588973628,-5.2098308,2.4365046,1,1,1,2.7089025722222217
MKN28,8.980826002567497,3.9743767315786034,-5.221279,18.006908,4,3,3,3.0677471777777776
MKN45,-1.7676509892066503,6.32030959142477,-18.051037,-7.379359,1,1,1,2.425474788888889
MKN7,10.393015735795458,-0.7315594523159457,-22.981236,13.4168005,4,3,3,3.462407914634147
ML-2,-26.817780140658904,5.273905789916191,20.37541,-30.906382,2,4,4,0.6188962833333334
MLMA,-16.201749644981803,-2.3240395721137688,21.008852,-19.23604,2,4,4,1.3874449222222223
MM1S,-18.58882072351145,-2.830293123412536,23.915998,-14.8868885,2,4,4,1.1139538826815643
MN-60,-0.4789796777424279,-4.778026312867219,-0.86484426,2.7579837,1,1,1,2.4835304277777777
MOG-G-CCM,4.235234333474438,-2.1143261677062126,-8.775603,-0.024896812,1,1,1,2.6563216274509807
MOG-G-UVW,-5.976471006526236,0.09569868420239036,1.6657039,-12.803623,3,2,2,1.475692274509804
MOLM-13,-37.63491724617082,3.1045907378728006,22.82423,-31.808762,2,4,4,-0.20409688826815675
MOLP-8,-18.39348227168975,2.719591100940364,23.467705,-17.021973,2,4,4,1.2302814245810052
MOLT-13,-16.16736537408276,-1.35739751122544,27.137934,-21.049997,2,4,4,1.3980609719101127
MOLT-16,-27.13314798756526,-4.742858402609556,24.108913,-25.793188,2,4,4,0.7042597055555555
MOLT-4,-6.037022278944331,-5.187757626265641,14.376907,-3.5956936,3,2,2,2.0088715055555553
MONO-MAC-6,-13.652999711072116,1.1925363134701898,8.971847,-27.821857,3,2,2,0.3252262178217822
MPP-89,4.316552795557675,-0.4066748813190065,-10.089287,6.626655,1,1,1,2.7452106055555556
MRK-nu-1,-8.06054737909956,-3.94079747822848,7.873333,-11.176363,3,2,2,1.8585140717948716
MS-1,-7.883523410904719,-3.964143539599879,19.390657,-9.980851,3,2,2,1.9695564134078207
MS751,1.5053597055650383,-4.305754303440964,1.2027999,6.4662137,1,1,1,2.6653589217877096
MSTO-211H,3.6218367967212095,-0.32111734249463975,3.6587648,17.728846,1,1,1,2.7674270782122905
MV-4-11,-25.713582118221584,3.9101281246832613,21.738367,-32.72252,2,4,4,-0.27566576984126967
Mewo,7.32314290132587,1.6555814178938895,-8.053685,9.536645,4,3,3,3.0600848725490195
Mo-T,5.629056497317073,-5.112189931551047,-20.397173,3.1372926,1,1,1,2.9126184111111115
NALM-6,-26.466828212143994,-0.5576940460785172,27.112463,-27.013708,2,4,4,0.6850696888888886
NAMALWA,-23.093102603822203,-2.509117208132882,26.225492,-27.991253,2,4,4,0.9626091222222223
NB(TU)1-10,-10.857227949875472,9.435404021002283,0.8584375,-24.100529,3,2,2,1.60803874301676
NB1,1.957168867050239,-3.4406886341612233,-2.5634613,0.9869139,1,1,1,2.4972176600000004
NB10,-10.390375974189585,1.666866294401156,9.235103,-22.249758,3,2,2,1.840207877777778
NB12,-3.537176797160479,-5.569767682761604,16.701485,-3.2430935,3,2,2,1.5662514313725486
NB13,-14.545311988820337,-4.73847500513144,17.267834,-22.033932,2,4,4,1.5267697100591717
NB14,-16.256255597221248,-4.486664125904879,19.386179,-22.125002,2,4,4,1.39808592178771
NB69,-17.915267707333957,12.350640269709997,2.5776863,-25.075935,2,4,4,1.171306344444444
NB7,5.984012707396018,-5.193816669606365,-4.637244,7.307858,1,1,1,2.8748443666666668
NCC010,3.278804025710788,-0.6238288844715552,-6.555959,6.255264,1,1,1,3.32904884375
NCCIT,-2.4498998323179393,-3.0739022979594735,10.584087,2.2694604,1,1,1,1.7636072254901962
NCI-H1048,-3.876255162584713,-8.025143096453391,11.929747,-10.522897,3,2,2,2.322244262569832
NCI-H1092,15.408991114230444,-7.202768972272078,-16.42665,26.482471,4,3,3,3.689389379888268
NCI-H1155,-7.671113552388331,-5.310345852220252,11.96864,-12.967512,3,2,2,2.0446957752808985
NCI-H1299,1.5533905898248672,3.903592768218818,-5.8970513,-0.05021603,1,1,1,2.6490896999999998
NCI-H1341,3.3582156275806376,-4.450574432672124,-2.129933,2.2260928,1,1,1,2.711326267326733
NCI-H1355,14.318664248917088,-0.5581545048208141,-13.059914,26.627455,4,3,3,3.4931627111111117
NCI-H1417,-20.150648149641775,0.8327995253679663,22.212553,-25.52054,2,4,4,1.047695735955056
NCI-H1435,14.609124842868779,-2.745031996686097,-8.146659,27.230478,4,3,3,3.3676005611111117
NCI-H1563,15.558842305850987,-3.605644793067491,-9.098633,30.799484,4,3,3,3.5150322793296085
NCI-H1568,20.576219124906856,2.968638623874087,-23.680454,30.47061,0,0,0,3.9177009044943816
NCI-H1573,11.07725964364808,-1.0226982517300538,-22.999546,15.181969,4,3,3,3.491189237623762
NCI-H1581,-4.646522081608653,-0.45229257027826,16.137104,1.1145196,3,2,2,2.1308765944444445
NCI-H1623,3.4176051219530335,-1.6209034834462597,0.958791,-1.1677151,1,1,1,2.7837288044692734
NCI-H1648,-4.232560193938805,4.136766325002107,4.9071403,-4.490444,3,2,2,1.4104664411764707
NCI-H1650,29.711308765381702,-4.691722631746864,-21.340782,31.399376,0,0,0,4.602852022346369
NCI-H1651,-1.5462484177368014,-5.869212280137795,10.513548,-7.1595416,1,1,1,2.481305772222222
NCI-H1666,11.93991924741735,9.439653353415526,-5.6287513,15.99557,4,3,3,3.272783266666667
NCI-H1688,4.2380713378441195,-3.0390696166064357,-0.06163863,5.97719,1,1,1,2.6532829702970298
NCI-H1693,22.698636953071656,0.6082836571835308,-21.61872,29.84413,0,0,0,4.080084139664804
NCI-H1694,1.0739579317222447,-6.154523965498682,-17.98067,2.8170676,1,1,1,2.6367909750000003
NCI-H1703,-5.091571215666376,-1.19107917764074,1.7678123,-11.843739,3,2,2,1.5886159411764706
NCI-H1755,1.4026873907976523,3.5279106315919613,-12.624303,3.1783774,1,1,1,2.4830542555555555
NCI-H1781,3.3317399383923187,-2.2981796729524246,0.47036776,-1.6910608,1,1,1,2.822030088888889
NCI-H1792,-9.89092989306799,3.215480743475532,5.7524886,-20.267061,3,2,2,1.8312333666666667
NCI-H1793,26.219187800229093,-3.7244011195004676,-18.651901,35.452744,0,0,0,4.49069320670391
NCI-H1838,16.72478262960752,-2.897601551017917,-25.424236,15.679257,4,3,3,4.344335702970297
NCI-H1869,15.729325775941554,1.061645510248007,-12.083587,31.073948,4,3,3,3.4856593222222223
NCI-H1876,-10.869344641167784,-6.1664385898044625,14.703234,-25.930872,3,2,2,1.8527984413407823
NCI-H1915,8.361652621976248,4.935346703848569,-10.135143,15.794339,4,3,3,3.1795011005586593
NCI-H1944,1.6778544550947352,1.6579533288861037,-3.7572784,1.1481571,1,1,1,2.6909882569832404
NCI-H196,24.315351597235356,-4.882156601732275,-17.218454,31.863043,0,0,0,4.206215189944134
NCI-H1963,-4.170437903811365,-7.048939509805168,18.450485,-8.140426,3,2,2,2.184071025
NCI-H1975,-1.9882453987566568,3.3664913472581848,1.2510412,-3.6958852,1,1,1,2.310850730337079
NCI-H1993,-0.7628372166927161,4.40247430551697,-18.566341,-5.53915,1,1,1,2.4274119222222224
NCI-H2009,-1.3451173873912798,2.769520975921875,-2.4508193,-4.186819,1,1,1,1.9568483366336633
NCI-H2023,-0.16838413254379736,2.0111028298349902,-3.8967385,-5.1413965,1,1,1,2.5648486888888886
NCI-H2029,4.13788624981783,-3.689873847129972,-3.344917,7.6350965,1,1,1,3.307821044642856
NCI-H2052,15.031417510427236,-3.556483674436802,-16.850039,23.78477,4,3,3,3.6311300558659214
NCI-H2066,12.895173594101522,-3.57806639513489,-25.313232,14.713262,4,3,3,3.8242369509803926
NCI-H2085,9.381831561294273,-1.0400166957978039,-7.028791,9.960816,4,3,3,3.094709722222222
NCI-H2087,13.355163322646643,5.068822171038496,-11.880014,20.985811,4,3,3,3.5418005555555556
NCI-H209,-13.772445733441682,-7.523358932089632,14.467778,-24.83401,2,4,4,1.6431452372881359
NCI-H211,-13.24617313690364,-3.333792633476099,15.997865,-21.34484,2,4,4,1.6227170833333335
NCI-H2122,-17.623537028377683,6.6516022667592,5.616139,-23.325382,2,4,4,1.2276650055555554
NCI-H2135,23.900210425356534,4.738227435574899,-22.737759,22.634068,0,0,0,6.230449875000001
NCI-H2141,14.84151362008572,-8.231806850316284,-16.594494,26.329065,4,3,3,3.597043927374301
NCI-H2170,-5.413269913114385,-4.71852605318472,1.3372527,-9.220227,3,2,2,2.205621355932203
NCI-H2227,6.904248086671352,-3.846845822006347,-15.933772,9.492129,4,1,1,4.164863242105263
NCI-H2228,11.15343852028975,0.041390515600169486,-17.549788,19.550003,4,3,3,3.395290055865922
NCI-H226,34.68443394713712,-0.7949865095536253,-20.453888,37.135586,0,0,0,5.0511218666666675
NCI-H23,0.134649806924719,-6.004080066131159,1.088468,4.760252,1,1,1,2.5764594245810057
NCI-H2342,10.622483412574514,-4.1314516299598045,-23.449572,13.8198805,4,3,3,3.3549732549019606
NCI-H2347,20.9870355554936,-2.1444899622087004,-25.406614,16.51236,0,0,0,4.827967871287129
NCI-H2369,17.69935575634817,-3.9270335534239114,-16.21349,27.934317,0,3,3,3.80832845
NCI-H2373,9.227851635429873,1.798336667185215,-15.659633,12.288388,4,3,3,3.264493922222222
NCI-H2405,37.581813523804385,3.103402833060284,-23.139866,35.96244,0,0,0,5.19062992178771
NCI-H2452,1.577008326169048,-0.2219210708538757,-8.890538,-0.59947544,1,1,1,2.3669092058823527
NCI-H2461,11.342271345581915,2.6280299939330733,-16.904665,18.305132,4,3,3,3.3872006166666666
NCI-H250,13.09118938962229,-4.010885254765771,-21.659935,21.57816,4,3,3,4.8187410947368425
NCI-H2591,32.12980037872463,-2.4180430369560844,-21.951878,35.09756,0,0,0,4.8246814888888885
NCI-H2595,24.285763790186238,-3.4017242435404516,-17.636591,33.589664,0,0,0,4.281760294444444
NCI-H2722,30.707038950969363,-2.921961100615423,-21.825602,34.979584,0,0,0,4.792237614525139
NCI-H2731,4.651278105402177,-0.7330936594630427,-12.497409,6.422323,1,1,1,2.7610146388888888
NCI-H2795,-8.962837901079286,6.061211882486032,-0.72392,-19.194824,3,2,2,1.7677981000000005
NCI-H28,20.438931936829597,1.8719910302594585,-16.379087,35.222202,0,0,0,4.016539055555556
NCI-H2803,5.89455483407942,0.9597908217898068,-13.91472,9.111368,1,1,1,3.649284094736842
NCI-H2804,4.035550655460733,-1.9502272939856593,-13.993944,10.235955,1,1,1,3.5710842421052633
NCI-H2810,1.9466768941078256,0.7406700988829071,-13.412908,7.036795,1,1,1,3.1633296736842107
NCI-H2818,12.923777795813443,0.3377100966084968,-17.175434,16.840553,4,3,3,3.4479836055555553
NCI-H2869,7.872230543725648,-0.42346038187196144,-15.057616,10.48431,4,3,3,4.033637094736842
NCI-H3118,-2.838171259977182,8.586002513086648,1.2476227,-7.030508,3,2,2,2.284450011111111
NCI-H3122,0.3651476454333866,5.012794909864407,-9.969763,-6.2515087,1,1,1,2.6416582277777776
NCI-H322M,-0.9350931779034259,9.268289954549047,-3.6593995,-10.240793,1,1,1,2.376119765363128
NCI-H345,18.764058911007588,-5.49106470605131,-21.648895,22.571695,0,0,0,5.003823495575221
NCI-H358,7.8175992076835925,6.695441490271948,-6.1957965,15.958356,4,3,3,3.036917305555556
NCI-H441,41.50251641315455,-0.4231711656324695,-21.686346,37.729412,0,0,0,5.658206627777777
NCI-H446,-10.984265450375421,-1.783761392310297,14.122204,-10.421978,3,2,2,1.8166323575418994
NCI-H508,-2.345108932406344,2.837902824084626,-5.264626,-8.851443,1,1,1,0.6254182222222221
NCI-H513,22.91076251867567,0.8237682881814109,-23.54496,30.466064,0,0,0,4.0871744055555554
NCI-H520,3.6480881520284845,-2.6039611073321765,-5.9280334,7.7001014,1,1,1,2.842896877777777
NCI-H522,4.917390093657473,-3.169074482268813,-1.0767003,5.957419,1,1,1,2.9127364222222227
NCI-H524,-12.393997976101094,-3.161767301269129,20.106436,-10.422001,3,2,2,1.642506094444444
NCI-H526,-9.76524941056512,-6.289542771443733,21.915426,-8.958501,3,2,2,1.8703078268156423
NCI-H596,7.951683824567501,-0.8432387502914364,-10.142613,2.9543645,4,3,3,3.064949089385476
NCI-H64,3.256682554781488,-4.568090700246392,9.630178,3.4363682,1,1,1,2.4891818921568625
NCI-H650,7.876084572770025,0.6004932287858734,-10.781019,15.862518,4,3,3,3.104109201117318
NCI-H661,16.197422046948425,-4.6993585912055105,-15.548489,27.430967,4,3,3,3.6535112777777776
NCI-H69,-4.5782373169008626,-4.200243081743384,14.695806,-5.209275,3,2,2,1.5583906372549017
NCI-H716,1.5362384037220087,5.111469478981974,-12.573617,5.634297,1,1,1,2.487933524590164
NCI-H720,5.496031854433982,-6.007136343311991,12.0671625,4.7309065,1,1,1,2.8762537134831465
NCI-H727,18.77036450518242,7.492541857206888,-9.878064,24.371279,4,3,3,3.6883267666666666
NCI-H747,9.869896895951006,9.969523504052264,-4.301668,16.59471,4,3,3,2.963022793478261
NCI-H810,0.3571416803322808,-5.670846356750109,-0.70419794,4.2348266,1,1,1,2.56610140782123
NCI-H82,-14.321370926971,-4.4829474890006775,19.610125,-20.668217,2,4,4,1.5384352166666664
NCI-H835,-0.5458768934500199,-3.18424804035437,10.506757,3.2570918,1,1,1,1.9788413627450983
NCI-H841,5.299502595238744,-3.983817310966608,0.5226828,8.277143,1,1,1,2.9094410552486187
NCI-H847,-8.969001831548443,-4.590542516856343,15.332714,-5.4028616,3,2,2,1.0540743431372548
NCI-H929,-20.715515218334133,5.130920491084738,23.979109,-16.093924,2,4,4,0.9582899611111112
NCI-N87,4.593793577024485,4.713437620530408,6.415234,3.372984,1,1,1,2.684711177777778
NEC8,-15.828263667158115,-0.18881507359317617,19.380936,-18.355448,2,4,4,1.4269314444444443
NH-12,-0.42171829793581805,-0.6737632616150183,9.607947,-1.9948874,1,1,1,2.66118882122905
NKM-1,-12.377254287425345,0.12885304615562698,9.324469,-28.5819,3,2,2,0.6465671274509804
NOMO-1,-13.24062943890279,6.043650434737966,4.309881,-23.263975,3,2,2,1.6117702333333328
NOS-1,-1.9275079575116272,-0.45520375817659575,10.038796,6.2124906,1,1,1,2.148334374301676
NTERA-2-cl-D1,-5.642691662080848,-2.4565962769808936,16.668745,-4.3367023,3,2,2,1.3875525742574255
NUGC-3,-2.0751650127820502,1.5301925500667253,0.4829761,-6.177176,1,1,1,2.4788469055555558
NUGC-4,23.56959360336167,6.475889787327804,-15.251172,36.269043,0,0,0,4.2041338882681565
NY,-4.5941217502316025,-2.652780584721194,9.567016,-8.50813,3,2,2,2.2878390666666673
OACM5-1,-0.8872162581086138,-2.9038085451894387,5.424964,-2.32852,1,1,1,2.6023503910614525
OACp4C,-3.736386217566788,4.257810380778567,-2.574379,-8.6136875,3,2,2,2.2239197388888887
OAW-28,13.588081441570063,-5.605120578184176,-18.17666,25.906338,4,3,3,3.485712368715084
OAW-42,10.150350333333684,-5.517582540224885,-17.741522,20.67054,4,3,3,3.3270837486033527
OC-314,-5.434535973618709,0.21556174933629094,1.6176085,-12.52241,3,2,2,1.507381
OCI-AML2,-24.40253955763864,9.84314336579278,19.82626,-30.9221,2,4,4,0.7068462611111108
OCI-AML3,-19.575976900725507,9.282930686152168,19.11882,-30.216755,2,4,4,1.090474027777778
OCI-AML5,-9.696222447288593,3.03560553191046,5.8685226,-21.382458,3,2,2,1.6912513095238098
OCI-M1,-20.584700940014056,1.9548785078966557,19.9242,-26.466251,2,4,4,1.049578848314607
OCUB-M,-8.548833777515267,-5.042994525027701,11.990632,9.499508,3,2,2,1.6658115336787567
OCUM-1,6.8741195059584825,14.190040309597649,-16.957169,-12.067958,4,3,3,2.9363354944444446
OE19,2.8065068471492864,-1.4221150074148132,4.665299,2.7383826,1,1,1,2.683178511111111
OE21,1.492222818140555,1.941489156984162,4.960193,1.6661165,1,1,1,2.5427431564245815
OE33,-3.568389992249587,3.572297636536582,-4.689584,-7.2010336,3,2,2,2.239352744444444
ONS-76,1.2909182593030066,7.051917330118819,-11.962593,-8.435209,1,1,1,2.6071054000000005
OPM-2,-17.244588356188743,0.41362832127933324,22.522114,-16.873083,2,4,4,1.2618149944134085
OS-RC-2,18.339308918690605,-2.629904950888291,-12.390571,32.364094,0,3,3,3.7737913631284923
OSC-20,12.745950020905468,-2.6679652540120236,-14.705964,18.909065,4,3,3,3.5137797333333336
OV-56,20.380786528358406,-7.72878642193273,-19.127146,27.180008,0,0,0,4.0544190223463685
OV-90,15.79550238736982,3.784237949706248,-10.616558,23.423733,4,3,3,3.5343446388888893
OVCA420,12.183902310635023,4.86057826586852,-22.3197,10.563301,4,3,3,3.292161486111111
OVCAR-3,7.513349442897034,-4.9550722285223205,1.0569245,11.585349,1,1,1,3.003685994413408
OVCAR-4,19.86213241505377,-3.344290703099363,-17.284885,28.331182,0,0,0,3.842014765363129
OVCAR-5,11.819489562284627,9.476285721929973,-8.487185,16.61773,4,3,3,3.3363465277777777
OVCAR-8,-7.943342711354209,-1.8857258278332132,11.327187,-14.514488,3,2,2,2.0502666871508386
OVISE,10.302053948573786,-2.670038196999717,-1.5884807,14.923978,4,3,3,3.1345878994413408
OVK-18,0.014500854339680118,-3.096601799185235,0.52670705,3.4882762,1,1,1,3.005182885416667
OVKATE,21.13603551381558,-1.9827550985845437,-25.89089,16.390133,0,0,0,4.770536931372549
OVMIU,10.25143100078651,5.0946040849907686,-6.1294465,15.226831,4,3,3,3.097550266666667
OVTOKO,7.22156581507125,0.5068820620096539,-8.777933,6.3201365,4,3,1,3.0429379944444443
P12-ICHIKAWA,-23.355488583484437,-2.6450735834093124,22.844023,-25.100323,2,4,4,0.9337886648044695
P30-OHK,-18.474166744680204,-4.564388845279888,23.753239,-22.905647,2,4,4,1.2767440786516853
P31-FUJ,-5.981965407534898,0.5927288249973399,-1.4530032,-6.962367,3,2,2,1.4296102450980392
P32-ISH,-26.228722166182166,-2.3738631346995622,24.845123,-28.195026,2,4,4,0.6824849329608937
PA-1,-17.541386176176182,0.5347897963043641,22.143888,-16.945162,2,4,4,1.2626631741573033
PA-TU-8902,16.20701437083258,0.881502769288796,-14.685096,24.133854,4,3,3,3.688800572222222
PA-TU-8988T,5.277720936649057,2.0720392762327178,-5.3793597,4.596889,1,1,1,2.8844905083798884
PANC-02-03,6.947527443547592,9.572973480993317,-7.2595925,16.322523,4,3,3,2.9687975911602202
PANC-03-27,5.6189558010216185,1.9276636386171253,-8.427279,10.021876,1,1,1,2.8755703627450977
PANC-04-03,18.512089619175622,4.4429974928925855,-26.103458,16.151157,0,3,0,4.485423421568628
PANC-08-13,22.691455079890854,0.2861046600153476,-15.38941,33.251297,0,0,0,4.063033044692737
PANC-10-05,14.733881665937947,3.7306839661169637,-13.44212,20.611166,4,3,3,3.5630970833333335
PC-14,3.5795425004543633,4.618941348563496,2.7402697,-2.9750648,1,1,1,2.769446243093922
PC-3,17.81567988187402,-6.754816566444757,-17.683647,24.626331,0,3,0,3.858720798882682
PC-3_[JPC-3],5.1968976509488956,-0.0670989954506005,3.1783185,-2.1665726,1,1,1,2.703912284313725
PCI-30,5.089061647435036,-1.0474373570636906,-8.166235,8.416827,1,1,1,2.7995014215686274
PCI-4B,-3.4100706749196457,1.8151321483260987,3.0886443,-8.230909,3,2,2,2.3839407812499998
PEO1,14.027029075860227,0.910386787722497,-13.453151,19.444824,4,3,3,3.6044411215469614
PF-382,-13.49929613948009,-1.462412930592476,12.038695,-19.542984,3,4,2,1.6143885988700564
PFSK-1,-6.956881213088477,-4.94621597429242,21.527061,-11.945159,3,2,2,2.0231479553072624
PL18,8.083736347509262,5.269692086137856,-11.127766,17.470001,4,3,3,3.0620954888888887
PL4,2.6417179325666256,2.2148730879726455,-10.455344,10.243413,1,1,1,2.708014466666666
PSN1,0.5362193124005266,7.684341927035277,-14.286666,-8.493877,1,1,1,2.527852977777778
PWR-1E,-4.9470011269015695,-0.44798242572442987,8.932453,-9.553302,3,2,2,2.2398470055865927
QGP-1,8.670478960596443,0.3102530466205171,-16.361116,9.322385,4,3,3,4.291599589473685
RC-K8,-5.170075331364647,-4.72523666844571,13.784932,-13.685528,3,2,2,2.289914622222222
RCC-JW,1.4785458981982877,-3.1671113788090146,-9.546842,1.7335263,1,1,1,2.605651073033708
RCC10RGB,19.975761908653638,2.128943440781682,-20.812548,28.659409,0,0,0,3.9678272625698323
RCM-1,14.689386276424369,8.73990456597622,-8.585648,24.75854,4,3,3,3.3573545567567566
RD,3.618966459583648,2.812144991790856,-6.9767356,2.9111693,1,1,1,2.8328417666666668
REH,-15.866429883750987,-6.445736626615794,23.70754,-22.51219,2,4,4,1.4671272555555557
RERF-GC-1B,1.8347719888016205,2.9969212597731563,-13.290816,4.5589647,1,1,1,2.536195893854749
RERF-LC-KJ,5.4983875704448515,-0.9527566416117978,-12.471332,0.961926,1,1,1,2.8071740277777777
RERF-LC-Sq1,3.5487496358937647,4.2465308135207875,4.8270826,1.218261,1,1,1,2.7301299385474858
RF-48,-7.351439562678328,-4.109516881649521,10.720184,-11.629922,3,2,2,2.0265506069364165
RH-1,-17.02428870225504,-4.586293710873722,17.15997,-23.515858,2,4,4,1.4160301620111726
RH-41,-12.673185549813216,-2.574670675396215,23.105392,-14.106483,3,2,2,1.5517471011235953
RKN,18.092436757524105,1.2152499267401617,-14.071121,26.14313,4,3,3,3.8257944444444445
RKO,-7.653596668963537,4.193845654506013,2.2157514,-18.9829,3,2,2,2.015188427027027
RL95-2,-2.573207726005756,-1.0686836700374485,4.214363,10.363664,1,1,1,2.3020503016759775
RMG-I,11.187061962125465,1.5147974935513362,-23.917019,12.635615,4,3,3,3.418808980392157
RO82-W-1,39.52077385522856,-3.9408812158288313,-21.130537,37.31324,0,0,0,5.444560105555556
RPMI-6666,-20.524492955520376,0.7097017387920487,26.383976,-25.932594,2,4,4,1.0540877977528094
RPMI-7951,-12.632765333793236,0.5767178447933343,9.885087,-18.234032,3,2,2,1.6514228994413407
RPMI-8226,-16.41170753919146,-1.1609504768886798,21.817234,-20.451504,2,4,4,1.3925749944134076
RPMI-8402,-14.29609563344755,-1.818721699768312,9.626844,-26.817415,3,2,2,0.3253720792079207
RPMI-8866,-15.179646493505018,0.42599090205919443,18.782034,-18.322779,2,4,4,1.228772850393701
RS4-11,-20.923126393806633,-6.429452566607597,24.485373,-23.003103,2,4,4,1.1186898324022347
RT-112,-4.658387806280289,2.273302844772269,15.926001,1.2177289,3,2,2,2.162380283333333
RT4,1.7394476372083054,0.9352883746022651,-21.19977,6.07791,1,1,1,2.6405668715083803
RXF393,2.2978544605729425,1.2378570284973,-7.1923842,5.5286794,1,1,1,3.2464208210526313
Raji,-15.359221889143388,-1.9450222039052354,12.220343,-17.319014,2,4,4,1.5220133966480445
Ramos-2G6-4C10,-11.38040820352354,-3.6516089528883446,20.670591,-13.40159,3,2,2,1.6551950960451978
SAS,-10.235184814092525,5.860626944739749,4.1658764,-19.867788,3,2,2,1.724361363128492
SAT,6.19123643796192,5.184133074055625,6.499441,2.714528,1,1,1,2.790691430167598
SBC-3,-13.582895833185946,-0.2801469531880234,14.400119,-21.029034,3,2,2,1.6046226499999998
SBC-5,-9.270268697426115,-2.9698412660867257,11.024868,-12.802463,3,2,2,1.938312
SCC-15,8.780926871598982,1.1088860035450736,-6.2200375,13.923508,4,3,3,3.084896474860335
SCC-3,-21.52018449299339,-0.4457488864641237,22.094608,-28.043236,2,4,4,1.077859754189944
SCC-4,4.277664062507231,0.3359990741608113,-1.5321476,7.118266,1,1,1,2.7922117666666666
SCC-9,4.708655129636714,4.185910954994026,-1.7629373,7.2790003,1,1,1,2.701774188888888
SCC90,9.322159888396639,8.377644760810064,-3.1096473,17.96374,4,3,3,3.016498491620112
SF268,7.740931715699261,-4.262763225606721,-13.232618,15.446871,4,1,1,3.1949085444444445
SF539,-11.986190585979227,0.9136978167350017,8.778269,-18.922016,3,2,2,1.668185472222222
SH-4,1.85921953710922,13.34107885444147,-14.565528,-14.090495,1,1,1,2.5367505055555557
SHP-77,-5.400912774050873,-3.3432763448564464,19.803764,-7.6277213,3,2,2,2.0379952888888884
SIMA,-7.369145825723595,-0.16748004767806368,9.914806,-22.776663,3,2,2,2.060238284916201
SISO,6.6409945310397935,-6.198375613131072,-13.67908,16.879768,1,1,1,3.116148
SJRH30,-4.369580619461038,-2.2044363708060346,7.186182,-2.983308,3,2,2,2.213101366666667
SJSA-1,-2.476641012761614,0.9702595681868531,-2.217414,-4.8885574,1,1,1,1.8906030098039213
SK-CO-1,-8.37530001505829,7.184333697673681,-6.7986794,-22.383024,3,2,2,1.8708733891891896
SK-ES-1,-17.05352883170532,-5.95047571761458,16.13896,-24.429262,2,4,4,1.4805364357541904
SK-GT-2,-8.310601363940204,0.7112567113984455,4.9444976,-6.874113,3,2,2,1.8425619441340781
SK-GT-4,20.073634583696474,8.403311215426372,-22.90263,26.969004,0,0,0,3.9004889613259657
SK-HEP-1,2.8247986500790168,-2.016530959221665,-3.754638,4.267835,1,1,1,2.698511720670391
SK-LMS-1,-0.5995745401625583,0.057645925090861014,8.321934,-4.875136,1,1,1,2.5853510166666664
SK-LU-1,19.04364717429337,4.266248562867608,-12.524055,21.129824,0,0,0,3.9700719888888893
SK-MEL-1,11.122697060225448,4.871084354878414,-21.60184,16.275494,4,3,3,3.5762387843137255
SK-MEL-2,9.40937638189093,3.5653225037432503,-5.045753,23.962845,4,3,3,3.0401732
SK-MEL-24,7.280842434460141,5.822818926629907,-15.2780905,-3.0020497,4,3,3,3.045394977777778
SK-MEL-5,3.909573985088528,2.2483378483677905,-15.243146,6.1437845,1,1,1,3.3774158854166667
SK-MES-1,7.044641894444046,3.341675952788079,-6.9907346,13.467658,4,1,1,3.0430895139664798
SK-MG-1,2.8366017260392034,-4.347150997477628,-11.783327,-0.6583429,1,1,1,2.6968995195530723
SK-MM-2,-3.2588410059133386,-9.278777993141311,23.13117,-7.0668793,1,1,1,2.3687686111111113
SK-N-AS,2.612323763935555,4.291429666658157,-11.157685,-7.1206565,1,1,1,2.747578488888889
SK-N-DZ,-7.984669293261966,-4.115726127339392,13.127385,-15.393816,3,2,2,2.0755807078651682
SK-N-FI,2.6779678215507396,2.051584695125542,-2.2145395,-0.8696517,1,1,1,2.4365763431372547
SK-N-SH,0.34141258799146257,-1.9947934644897012,-2.2049422,0.31342456,1,1,1,2.1824563725490194
SK-OV-3,19.509639358098894,-1.684404919121823,-18.699091,32.80133,0,0,0,3.966570333333333
SK-PN-DW,-14.667460931065236,-5.948387235184553,18.134909,-20.679844,2,4,4,1.5949458324022345
SK-UT-1,-0.19267346559870197,-3.7987449730922043,-3.2737727,2.5397067,1,1,1,2.580780922222222
SKG-IIIa,7.152710000688702,1.890362037887916,-10.448713,4.8535743,4,1,1,2.931510172222223
SKM-1,-11.34634040912076,6.04684030717358,5.944398,-14.707193,3,2,2,1.4167765312500002
SKN,6.736658824991568,-2.054865326018464,-9.3541355,5.218685,1,1,1,2.9534491657458557
SKN-3,4.441246016184288,1.9825205896755458,-10.010582,12.817139,1,1,1,2.8542466871508374
SLVL,-12.770918307959837,0.2297765730772173,16.9437,-17.029324,3,2,2,1.613562927374302
SN12C,19.292701070750546,-1.6056710121819462,-18.929644,29.378672,0,0,0,3.848927661111111
SNG-M,-5.940747307262228,-2.202131168535203,9.026289,-11.617691,3,2,2,2.1499457709497207
SNU-1,-1.1752004099513225,-2.574146384472326,0.13929574,1.9270511,1,1,1,2.4087268539325843
SNU-1040,4.762198827832542,-1.7973375325881809,-3.415817,9.519646,1,1,1,3.340962433628319
SNU-16,-8.825923048784354,-1.1323956894779328,7.9579096,-27.065775,3,2,2,0.9883425934065935
SNU-175,-11.5145246605984,2.660487050579498,4.6271563,-16.205244,3,2,2,1.7141524619565216
SNU-182,13.825666903844986,-1.742393019132885,-15.351627,25.512295,4,3,3,3.510919229050279
SNU-387,6.583475985920605,2.203385824319882,-8.034903,3.2120628,4,1,1,2.967265361111111
SNU-398,-5.57522833393209,-1.277325614901694,15.463395,-0.045700815,3,2,2,2.151637
SNU-407,1.6181319567359995,3.91792235841065,1.0049871,0.43462828,1,1,1,2.485913802259887
SNU-423,2.2792880396679633,-0.8141878598789427,-8.673442,2.5363715,1,1,1,2.6691273055555556
SNU-449,15.989538960017352,1.1797077833810778,-10.950038,30.613976,4,3,3,3.4960404888888887
SNU-5,-5.404639522400774,2.4091850498906826,-18.026749,-7.163263,3,2,2,2.184958340782123
SNU-61,17.9523368483795,3.9107310794757164,-10.970001,26.635725,4,3,3,3.880615333333333
SNU-81,3.0379768591202465,-1.5772253555495697,-0.2594367,10.648902,1,1,1,2.97161489380531
SNU-C1,11.531860308892647,5.8757959293781905,0.094753884,18.591473,4,3,3,3.1746909728260873
SNU-C2B,13.906245245452533,2.615490858503005,-11.971661,19.0237,4,3,3,3.560847864864865
SNU-C5,-1.677717114081382,3.152512759365024,-7.7671695,-7.588189,1,1,1,2.5323766521739133
SR,-28.435812006159264,-1.141715451025759,23.663061,-29.442835,2,4,4,0.5480749050279329
ST486,-19.572395064372884,-0.7346710933498732,21.854612,-21.362707,2,4,4,1.16222005
SU-DHL-10,-21.847551846788015,-1.294468753449523,25.895727,-28.562313,2,4,4,0.9660112793296093
SU-DHL-5,-32.93766012028992,-2.3727866626325764,27.30913,-28.956656,2,4,4,0.2313830955056177
SU-DHL-6,-25.80378971132743,-0.5983324721268589,28.483335,-28.695786,2,4,4,0.5176094325842696
SU-DHL-8,-11.192268830571471,-7.011282916305352,27.968601,-17.511019,2,4,4,1.6915258603351955
SU8686,33.82431503462057,1.0995356543118773,-20.8204,33.64406,0,0,0,4.834384077777778
SUIT-2,25.534681435339543,-0.2948077339187476,-23.141071,33.966312,0,0,0,4.431081605555556
SUP-B15,-18.200419021557096,-2.1237964149779085,25.630543,-22.063717,2,4,4,1.3235815197740113
SUP-HD1,-8.81700678194321,-6.241790959860339,17.595274,-9.935381,3,2,2,1.999630810055866
SUP-M2,-25.55159656358288,-4.636993998660936,22.548452,-27.54006,2,4,4,0.7170256292134832
SUP-T1,-13.978879748316842,-4.185709736939023,12.581205,-19.888723,2,4,4,1.6439227555555556
SW1088,4.491754673176907,-1.5860687843897368,-7.609628,-3.5897267,1,1,1,2.8052535754189942
SW1116,20.490990775030372,5.298122689197696,-10.324575,25.887321,0,0,0,3.8275881297297296
SW1271,13.544224738823615,4.376078710475301,-12.065486,19.873055,4,3,3,3.515703977777777
SW13,-10.265599213076076,1.2768164297874454,5.1982136,-11.197753,3,2,2,1.7185995195530728
SW1417,30.047214115788755,6.500372608911935,-20.429502,35.23624,0,0,0,4.567125842391303
SW1463,8.690249389728812,6.339853436953585,-6.2530556,24.887054,4,3,3,3.0670510978260865
SW1573,24.198315400971847,-5.78873155673406,-19.87623,30.573326,0,0,0,4.43807158988764
SW1710,5.045000931160348,1.0566567512652358,-8.351266,5.0081162,1,1,1,2.765737105555555
SW1783,-4.073377299874201,-2.589935531002298,0.9819425,-10.661161,3,2,2,1.6734885882352943
SW1990,10.782475015619218,-0.6201452971960837,-22.579367,15.927714,4,3,3,3.5194305882352936
SW48,-6.87182864635481,5.381491890009343,-6.7635884,-22.356565,3,2,2,1.9209228742857138
SW620,4.604365962457817,6.26722094489313,-13.792791,-7.384563,1,1,1,2.951760581521739
SW626,12.766655822804342,4.325984469258671,-12.285693,22.658098,4,3,3,3.3825438100558656
SW684,24.77631004348644,-0.36680111936133075,-17.559372,32.733105,0,0,0,4.2725241277777775
SW756,32.00806424500313,-3.2462450626243213,-23.043785,35.01311,0,0,0,4.797085821229051
SW780,10.390766247101737,-0.694507082317278,-9.376674,18.386076,4,3,3,3.2348548882681567
SW837,16.221599044071056,1.8459115462533182,-10.718949,25.344154,4,3,3,3.528957859459459
SW872,8.546201210343524,-2.9589677752239405,-12.51409,13.604773,4,3,3,3.1194806424581003
SW900,11.975833636115606,3.7617249463875266,-12.627992,19.655901,4,3,3,3.420119155555556
SW948,6.8125775686156835,3.2468064815002475,-1.8398845,-1.480294,4,3,3,3.0088390543478267
SW982,-10.3529752753013,3.7174219359856675,1.3068312,-14.770459,3,2,2,1.8623073111111113
Saos-2,3.3183185347405706,-2.664189892794934,-6.576628,1.3346491,1,1,1,2.8368026055555555
SiHa,14.797266216191478,-2.7229434135383017,-14.372659,28.941214,4,3,3,3.498695466666666
T-T,-3.814624824947298,2.0891641351482617,4.0618453,-4.7477045,3,2,2,1.51205318627451
T47D,4.637945456860626,-3.2437901232583872,6.399028,9.051016,1,1,1,2.728828553846154
T84,4.446908717331642,0.9997455784160973,-2.072919,10.124648,1,1,1,2.7588169675675673
T98G,0.8171449045313712,-1.5962684397814382,-6.780164,-1.5318568,1,1,1,2.567821972222222
TC-71,-11.816798041346445,-4.71196778608566,15.467854,-22.492838,3,2,2,1.7870677653631286
TC-YIK,-14.57464324935367,-0.6883965345487649,16.409739,-21.481588,2,4,4,1.4742676722222219
TCCSUP,15.297459894580655,-4.89796176867933,-16.46826,25.19045,4,3,3,3.6544526536312856
TE-1,5.42600005140231,-1.3223521140186079,0.9663823,12.985245,1,1,1,2.8478067039106145
TE-12,6.7755088914622705,-0.7545683316165457,-4.261712,11.5129595,1,1,1,3.7877849374999997
TE-15,-5.61601233941064,2.6616035156605906,3.2261,-8.366843,3,2,2,2.1437361395348837
TE-4,-0.12233210397723393,-2.3418029682261947,3.8553755,3.8405964,1,1,1,2.4452610611111107
TE-5,8.900659717286318,-1.7129493932910824,-14.780641,16.051575,4,3,3,3.1935395944444447
TE-6,3.4391031190551473,0.2052240619533408,5.313695,2.2011201,1,1,1,2.637366597765363
TE-8,-2.9680962321768414,0.9118242470082516,-0.8351548,-2.6480205,1,2,2,2.3117285976331363
TE-9,0.5552887236161128,-3.9137475158872284,-0.5176718,7.675401,1,1,1,2.505258205555556
TGBC11TKB,-1.8852541662222322,3.5241674666607685,-2.6753082,-2.768872,1,1,1,2.241866722627737
TGBC1TKB,8.052275514059783,-1.339707812194796,-23.562515,13.302085,4,3,3,3.0202156568627454
TGBC24TKB,8.198526955611156,0.1544437843670705,-1.5815562,11.048249,4,3,3,3.0009963575418994
TGW,-7.58872212962782,-3.211843867907276,20.218107,-9.304438,3,2,2,1.9240264055555554
TK,-8.134611289720775,-6.501104872392586,22.96907,-5.7854767,3,2,2,2.071564127777777
TK10,21.184858549158644,4.542324299132893,-16.326963,35.17663,0,0,0,3.9887953833333336
TOV-112D,-6.8425884827200845,-2.3486815730818673,10.558432,-9.404397,3,2,2,2.1481123631284915
TOV-21G,-5.839101411619113,3.025735176120542,-2.6667883,-16.730572,3,2,2,2.0979266797752807
TT,15.459759062455003,-1.2145240193545894,-24.093027,16.372385,4,3,3,4.1913869207920795
TT2609-C02,27.01792847786834,2.7339356406456243,-22.600378,33.915607,0,0,0,4.576110055865921
TUR,-12.63929843998145,-3.557777656641882,14.8812895,-16.61414,3,2,2,1.6930331731843575
TYK-nu,3.7856725433612826,2.638017777065861,-11.204322,11.993754,1,1,1,2.867092849162011
U-118-MG,5.496239138420354,-3.420081750482911,-14.279096,11.575956,1,1,1,3.0134451284916204
U-2-OS,9.995525600209858,2.6231404174841746,-2.5901282,21.457203,4,3,3,3.1865644530386743
U-266,-0.7844858830788379,1.7749616460693944,15.925747,2.8208544,1,1,1,2.4785056201117315
U-698-M,-18.467054873155718,-2.0746552922089996,22.32719,-18.980534,2,4,4,1.1778449944134077
U-87-MG,7.769080274038852,-2.6063689333869795,-15.42652,14.729954,4,3,3,3.073925687150838
U251,9.273618921574982,-2.86386460268222,-13.880893,17.25403,4,3,3,3.3075387653631285
UACC-257,18.466953951693796,9.436079031312618,-9.507873,22.663118,4,3,3,3.7143618388888884
UACC-62,-1.7702966040719232,11.649364342097321,-13.675145,-15.026497,1,1,1,2.3675576555555558
UACC-812,5.990060149178442,-2.5193572437004486,4.8548603,6.1505785,1,1,1,2.945118838095238
UACC-893,0.6751885573505539,1.4552448966967941,7.001646,5.520531,1,1,1,2.158277650793651
UM-UC-3,1.0458245507229218,-2.284037519313284,-4.7928925,0.940938,1,1,1,2.3908299509803923
UMC-11,5.8957209487574005,-5.377913658773842,1.8761107,7.885031,1,1,1,2.950294469273743
VA-ES-BJ,7.344892863234869,-3.766410815453341,-13.603517,14.570511,1,1,1,3.263828944444444
VAL,-18.986047100831797,-4.62232019077358,24.987267,-24.177713,2,4,4,1.23777529281768
VCaP,1.7513506936582424,-5.312912467529744,-5.8960867,1.2315171,1,1,1,2.7287573500000004
VM-CUB-1,-5.06492367205999,0.8069469574951293,7.8744297,-7.0258546,3,2,2,2.2269050111111115
VMRC-LCD,14.606010402663646,-4.2649682642560265,-13.152658,27.162384,4,3,3,3.6355136145251397
VMRC-RCZ,38.899635813696435,-4.348189860572225,-21.249544,37.052338,0,0,0,5.312543049723757
WIL2-NS,-17.670564482050644,-3.5239703252676198,19.218727,-23.649256,2,4,4,1.3481966536312848
WM-115,7.084143346977518,5.808560394604454,-15.260881,-2.9956305,4,1,3,3.0413755139664795
WM1552C,-2.816705634744852,2.8632283181369917,-4.261394,-15.55499,1,1,1,2.312451838888889
WM278,14.618384459407853,8.544166425571305,-9.764693,21.879875,4,3,3,3.525876927374302
WM35,0.38040507462609835,8.324727870386747,-13.963075,-12.598649,1,1,1,2.390410027972028
WM793B,-5.925774502716189,3.302738030521337,0.721708,-15.977668,3,2,2,2.15901145
WSU-DLCL2,-13.598528207282815,-1.9432107813895805,10.555678,-26.867147,3,2,2,0.34340817999999984
WSU-NHL,-27.954983490330363,-0.9892275492192368,27.919678,-28.517242,2,4,4,0.49641425698324
YAPC,19.780889809279966,-2.8881075765415516,-19.105902,29.44773,0,0,0,3.915214594444444
YH-13,-4.991350162017699,-0.3465837294951273,-5.577627,-4.640322,3,2,2,2.1869999888888887
YT,-7.6295021333512185,0.03344565269317708,7.943281,-23.886219,3,2,2,1.1819216300000002
ZR-75-30,30.78222057746216,-6.154785940493497,-12.024542,35.76498,0,0,0,4.621595969387755
huH-1,11.581107012232902,-1.231264295328272,-19.186472,16.974913,4,3,3,3.4231409499999996
